BIB_ID,MFHD_ID,ITEM_ID,BibSuppress,MfhdSuppress,BIB_FORMAT,LANGUAGE,TITLE,AUTHOR,TITLE_BRIEF,EDITION,ISBN,NETWORK_NUMBER,PUBLISHER_DATE,PUBLISHER,BEGIN_PUB_DATE,MfhdLocation,displayCallNo,normCallNo,ITEM_ENUM,CHRON,COPY_NUMBER,PIECES,ITEM_BARCODE,ItemPermLocCode,ItemPermLocName,ItemPermTypeName,ItemTempLocCode,ItemTempLocName,ItemTempTypeName,CREATE_DATE,UPDATE_DATE,PO_ID,MaxOfCHARGE_DATE
625520,668790,742980,N,N,am,eng,"Notable last facts : a compendium of endings, conclusions, terminations, and final events throughout history / compiled by William B. Brahms.","Brahms, William B.","Notable last facts : a compendium of endings, conclusions, terminations, and final events throughout history /",,0976532506 (acid-free paper),(OCoLC)ocm60769184,c2005.,"Reference Desk Press,",2005,aastx,AG105 .B773 2005,AG  105            B 773   2005,,,1,1,"=""31811012629195""",aastx,Book Collection,BOOK 16/8/4 WK,,,,4/18/2006,8/16/2010,9833,
224344,246091,277319,N,N,as,eng,Guinness book of records.,,Guinness book of records.,,,(OCoLC)ocm01782732,c1955-1999.,"Superlatives Ltd.,",1955,aastx,AG243 .G85,AG  243            G 85,1999,,1,1,"=""31811011364117""",aastx,Book Collection,SERIAL 16/8/4 WK,,,,4/21/2002,2/20/2012,3901,
224344,246091,277320,N,N,as,eng,Guinness book of records.,,Guinness book of records.,,,(OCoLC)ocm01782732,c1955-1999.,"Superlatives Ltd.,",1955,aastx,AG243 .G85,AG  243            G 85,1998,,1,1,"=""31811010969924""",aastx,Book Collection,SERIAL 16/8/4 WK,,,,4/21/2002,2/20/2012,3901,
224344,246091,277321,N,N,as,eng,Guinness book of records.,,Guinness book of records.,,,(OCoLC)ocm01782732,c1955-1999.,"Superlatives Ltd.,",1955,aastx,AG243 .G85,AG  243            G 85,1997,,1,1,"=""31811010997180""",aastx,Book Collection,SERIAL 16/8/4 WK,,,,4/21/2002,2/20/2012,3901,
224344,246091,277322,N,N,as,eng,Guinness book of records.,,Guinness book of records.,,,(OCoLC)ocm01782732,c1955-1999.,"Superlatives Ltd.,",1955,aastx,AG243 .G85,AG  243            G 85,1996,,1,1,"=""38888070072123""",aastx,Book Collection,SERIAL 16/8/4 WK,,,,4/21/2002,2/20/2012,3901,
224344,246091,277323,N,N,as,eng,Guinness book of records.,,Guinness book of records.,,,(OCoLC)ocm01782732,c1955-1999.,"Superlatives Ltd.,",1955,aastx,AG243 .G85,AG  243            G 85,1995 (41st ed.),,1,1,"=""31811010093600""",aastx,Book Collection,SERIAL 16/8/4 WK,,,,4/21/2002,2/20/2012,3901,
224344,246091,277324,N,N,as,eng,Guinness book of records.,,Guinness book of records.,,,(OCoLC)ocm01782732,c1955-1999.,"Superlatives Ltd.,",1955,aastx,AG243 .G85,AG  243            G 85,1994 (40th ed.),,1,1,"=""31811010093576""",aastx,Book Collection,SERIAL 16/8/4 WK,,,,4/21/2002,2/20/2012,3901,
224344,246091,277325,N,N,as,eng,Guinness book of records.,,Guinness book of records.,,,(OCoLC)ocm01782732,c1955-1999.,"Superlatives Ltd.,",1955,aastx,AG243 .G85,AG  243            G 85,1993 (39th ed.),,1,1,"=""31811010351859""",aastx,Book Collection,SERIAL 16/8/4 WK,,,,4/21/2002,2/20/2012,3901,
224344,246091,277326,N,N,as,eng,Guinness book of records.,,Guinness book of records.,,,(OCoLC)ocm01782732,c1955-1999.,"Superlatives Ltd.,",1955,aastx,AG243 .G85,AG  243            G 85,1992 (38th ed.),,1,1,"=""31811010351867""",aastx,Book Collection,SERIAL 16/8/4 WK,,,,4/21/2002,2/20/2012,3901,
224344,246091,277327,N,N,as,eng,Guinness book of records.,,Guinness book of records.,,,(OCoLC)ocm01782732,c1955-1999.,"Superlatives Ltd.,",1955,aastx,AG243 .G85,AG  243            G 85,1991 (37th ed.),,1,1,"=""31811010351875""",aastx,Book Collection,SERIAL 16/8/4 WK,,,,4/21/2002,2/20/2012,3901,
224344,246091,277328,N,N,as,eng,Guinness book of records.,,Guinness book of records.,,,(OCoLC)ocm01782732,c1955-1999.,"Superlatives Ltd.,",1955,aastx,AG243 .G85,AG  243            G 85,1990 (36th ed.),,1,1,"=""31811010351883""",aastx,Book Collection,SERIAL 16/8/4 WK,,,,4/21/2002,2/20/2012,3901,
224344,246091,277329,N,N,as,eng,Guinness book of records.,,Guinness book of records.,,,(OCoLC)ocm01782732,c1955-1999.,"Superlatives Ltd.,",1955,aastx,AG243 .G85,AG  243            G 85,1984 (30th ed.),,1,1,"=""31811010351370""",aastx,Book Collection,SERIAL 16/8/4 WK,,,,4/21/2002,2/20/2012,3901,
224344,246091,277330,N,N,as,eng,Guinness book of records.,,Guinness book of records.,,,(OCoLC)ocm01782732,c1955-1999.,"Superlatives Ltd.,",1955,aastx,AG243 .G85,AG  243            G 85,1982 (28th ed.),,1,1,"=""31811010351917""",aastx,Book Collection,SERIAL 16/8/4 WK,,,,4/21/2002,2/20/2012,3901,
224344,246091,277331,N,N,as,eng,Guinness book of records.,,Guinness book of records.,,,(OCoLC)ocm01782732,c1955-1999.,"Superlatives Ltd.,",1955,aastx,AG243 .G85,AG  243            G 85,1981 (27th ed.),,1,1,"=""31811010351925""",aastx,Book Collection,SERIAL 16/8/4 WK,,,,4/21/2002,2/20/2012,3901,
224344,246091,277332,N,N,as,eng,Guinness book of records.,,Guinness book of records.,,,(OCoLC)ocm01782732,c1955-1999.,"Superlatives Ltd.,",1955,aastx,AG243 .G85,AG  243            G 85,1980 (26th ed.),,1,1,"=""31811010351388""",aastx,Book Collection,SERIAL 16/8/4 WK,,,,4/21/2002,2/20/2012,3901,
224344,246091,277333,N,N,as,eng,Guinness book of records.,,Guinness book of records.,,,(OCoLC)ocm01782732,c1955-1999.,"Superlatives Ltd.,",1955,aastx,AG243 .G85,AG  243            G 85,1979 (25th ed.),,1,1,"=""31811010326133""",aastx,Book Collection,SERIAL 16/8/4 WK,,,,4/21/2002,2/20/2012,3901,
224344,246091,277334,N,N,as,eng,Guinness book of records.,,Guinness book of records.,,,(OCoLC)ocm01782732,c1955-1999.,"Superlatives Ltd.,",1955,aastx,AG243 .G85,AG  243            G 85,1978 (24th ed.),,1,1,"=""31811010326141""",aastx,Book Collection,SERIAL 16/8/4 WK,,,,4/21/2002,2/20/2012,3901,
224344,246091,277335,N,N,as,eng,Guinness book of records.,,Guinness book of records.,,,(OCoLC)ocm01782732,c1955-1999.,"Superlatives Ltd.,",1955,aastx,AG243 .G85,AG  243            G 85,1975 (22nd ed.),,1,1,"=""31811010326158""",aastx,Book Collection,SERIAL 16/8/4 WK,,,,4/21/2002,2/20/2012,3901,
224344,246091,277336,N,N,as,eng,Guinness book of records.,,Guinness book of records.,,,(OCoLC)ocm01782732,c1955-1999.,"Superlatives Ltd.,",1955,aastx,AG243 .G85,AG  243            G 85,1974 (21st ed.),,1,1,"=""31811010326166""",aastx,Book Collection,SERIAL 16/8/4 WK,,,,4/21/2002,2/20/2012,3901,
224344,246091,277337,N,N,as,eng,Guinness book of records.,,Guinness book of records.,,,(OCoLC)ocm01782732,c1955-1999.,"Superlatives Ltd.,",1955,aastx,AG243 .G85,AG  243            G 85,1973 (20th ed.),,1,1,"=""31811010326174""",aastx,Book Collection,SERIAL 16/8/4 WK,,,,4/21/2002,2/20/2012,3901,7/17/2002
224344,246091,277338,N,N,as,eng,Guinness book of records.,,Guinness book of records.,,,(OCoLC)ocm01782732,c1955-1999.,"Superlatives Ltd.,",1955,aastx,AG243 .G85,AG  243            G 85,1972 (19th ed.),,1,1,"=""31811010326182""",aastx,Book Collection,SERIAL 16/8/4 WK,,,,4/21/2002,2/20/2012,3901,
224344,246091,277339,N,N,as,eng,Guinness book of records.,,Guinness book of records.,,,(OCoLC)ocm01782732,c1955-1999.,"Superlatives Ltd.,",1955,aastx,AG243 .G85,AG  243            G 85,1969 (16th ed.),,1,1,"=""31811010326190""",aastx,Book Collection,SERIAL 16/8/4 WK,,,,4/21/2002,2/20/2012,3901,
224344,246091,277340,N,N,as,eng,Guinness book of records.,,Guinness book of records.,,,(OCoLC)ocm01782732,c1955-1999.,"Superlatives Ltd.,",1955,aastx,AG243 .G85,AG  243            G 85,1968 (15th ed.),,1,1,"=""31811010326208""",aastx,Book Collection,SERIAL 16/8/4 WK,,,,4/21/2002,2/20/2012,3901,
224344,246091,277341,N,N,as,eng,Guinness book of records.,,Guinness book of records.,,,(OCoLC)ocm01782732,c1955-1999.,"Superlatives Ltd.,",1955,aastx,AG243 .G85,AG  243            G 85,1967 (14th ed.),,1,1,"=""31811010326216""",aastx,Book Collection,SERIAL 16/8/4 WK,,,,4/21/2002,2/20/2012,3901,
634250,676766,751314,N,N,am,eng,New York times guide to essential knowledge : a desk reference for the curious mind.,,New York times guide to essential knowledge : a desk reference for the curious mind.,1st U.S. ed.,0312313675,(OCoLC)ocm56776231,2004.,"St. Martin's Press,",2004,aastx,AG6 .N495 2004,AG    6            N 495   2004,,,1,1,"=""31811012670462""",aastx,Book Collection,BOOK 16/8/4 WK,,,,11/9/2006,12/5/2006,10459,
575181,614805,697279,N,N,am,eng,Adult museum programs : designing meaningful experiences / Bonnie Sachatello-Sawyer ... [et al.].,,Adult museum programs : designing meaningful experiences /,,0759100969 (alk. paper),(DLC) 2002001984,c2002.,"AltaMira Press,",2002,aastx,AM11 .A38 2002,AM   11            A 38   2002,,,1,1,"=""31811012838549""",aastx,Book Collection,BOOK 16/8/4 WK,,,,3/14/2003,8/12/2003,4573,2/17/2009
581719,621726,698552,N,N,am,eng,"Museum governance : mission, ethics, policy / Marie C. Malaro.","Malaro, Marie C.","Museum governance : mission, ethics, policy /",,1560983639 (pbk.),(OCoLC)ocm29598117,c1994.,"Smithsonian Institution Press,",1994,aastx,AM121 .M35 1994,AM  121            M 35   1994,,,1,1,"=""31811012834449""",aastx,Book Collection,BOOK 16/8/4 WK REQ EXMPT,,,,8/27/2003,9/3/2003,5476,3/13/2006
655901,700132,774333,N,N,am,eng,Manual of museum learning / edited by Barry Lord.,,Manual of museum learning /,,0759109710 (pbk. : alk. paper),(OCoLC)ocn167763730,c2007.,"Rowman & Littlefield,",2007,aastx,AM7 .M36 2007,AM    7            M 36   2007,,,1,1,"=""31811012381219""",aastx,Book Collection,BOOK 16/8/4 WK,,,,4/15/2008,6/23/2008,11983,8/29/2012
175594,191894,215496,N,N,as,eng,Bucknell review.,,Bucknell review.,,,(OCoLC)ocm04412203,1954-c2004.,"Bucknell University Press,",1954,aastx,AP2 .B887,AP    2            B 887,v.21(1973),,1,1,"=""31811010356726""",aastx,Book Collection,BOOK 16/8/4 WK,,,,4/21/2002,,2401,
175594,191894,215497,N,N,as,eng,Bucknell review.,,Bucknell review.,,,(OCoLC)ocm04412203,1954-c2004.,"Bucknell University Press,",1954,aastx,AP2 .B887,AP    2            B 887,v.20(1972),,1,1,"=""31811010356650""",aastx,Book Collection,BOOK 16/8/4 WK,,,,4/21/2002,,2401,
175594,191894,215498,N,N,as,eng,Bucknell review.,,Bucknell review.,,,(OCoLC)ocm04412203,1954-c2004.,"Bucknell University Press,",1954,aastx,AP2 .B887,AP    2            B 887,v.19(1971),,1,1,"=""31811010356668""",aastx,Book Collection,BOOK 16/8/4 WK,,,,4/21/2002,,2401,
175594,191894,215499,N,N,as,eng,Bucknell review.,,Bucknell review.,,,(OCoLC)ocm04412203,1954-c2004.,"Bucknell University Press,",1954,aastx,AP2 .B887,AP    2            B 887,v.18(1970),,1,1,"=""31811010356676""",aastx,Book Collection,BOOK 16/8/4 WK,,,,4/21/2002,,2401,
175594,191894,215500,N,N,as,eng,Bucknell review.,,Bucknell review.,,,(OCoLC)ocm04412203,1954-c2004.,"Bucknell University Press,",1954,aastx,AP2 .B887,AP    2            B 887,v.17(1969),,1,1,"=""31811010356684""",aastx,Book Collection,BOOK 16/8/4 WK,,,,4/21/2002,,2401,4/20/2005
175594,191894,215501,N,N,as,eng,Bucknell review.,,Bucknell review.,,,(OCoLC)ocm04412203,1954-c2004.,"Bucknell University Press,",1954,aastx,AP2 .B887,AP    2            B 887,v.16(1968),,1,1,"=""31811010344292""",aastx,Book Collection,BOOK 16/8/4 WK,,,,4/21/2002,,2401,
175594,191894,215502,N,N,as,eng,Bucknell review.,,Bucknell review.,,,(OCoLC)ocm04412203,1954-c2004.,"Bucknell University Press,",1954,aastx,AP2 .B887,AP    2            B 887,v.15(1967),,1,1,"=""31811010344300""",aastx,Book Collection,BOOK 16/8/4 WK,,,,4/21/2002,,2401,
175594,191894,215503,N,N,as,eng,Bucknell review.,,Bucknell review.,,,(OCoLC)ocm04412203,1954-c2004.,"Bucknell University Press,",1954,aastx,AP2 .B887,AP    2            B 887,v.14(1966),,1,1,"=""31811010344318""",aastx,Book Collection,BOOK 16/8/4 WK,,,,4/21/2002,,2401,
175594,191894,215504,N,N,as,eng,Bucknell review.,,Bucknell review.,,,(OCoLC)ocm04412203,1954-c2004.,"Bucknell University Press,",1954,aastx,AP2 .B887,AP    2            B 887,v.13(1965),,1,1,"=""31811010344326""",aastx,Book Collection,BOOK 16/8/4 WK,,,,4/21/2002,,2401,
175594,191894,215505,N,N,as,eng,Bucknell review.,,Bucknell review.,,,(OCoLC)ocm04412203,1954-c2004.,"Bucknell University Press,",1954,aastx,AP2 .B887,AP    2            B 887,v.12(1964),,1,1,"=""31811010344250""",aastx,Book Collection,BOOK 16/8/4 WK,,,,4/21/2002,,2401,4/20/2005
175594,191894,215506,N,N,as,eng,Bucknell review.,,Bucknell review.,,,(OCoLC)ocm04412203,1954-c2004.,"Bucknell University Press,",1954,aastx,AP2 .B887,AP    2            B 887,v.11(1962-1963),,1,1,"=""31811010344268""",aastx,Book Collection,BOOK 16/8/4 WK,,,,4/21/2002,,2401,4/15/2009
175594,191894,215507,N,N,as,eng,Bucknell review.,,Bucknell review.,,,(OCoLC)ocm04412203,1954-c2004.,"Bucknell University Press,",1954,aastx,AP2 .B887,AP    2            B 887,v.10(1961-1962),,1,1,"=""31811010344276""",aastx,Book Collection,BOOK 16/8/4 WK,,,,4/21/2002,,2401,
175594,191894,215508,N,N,as,eng,Bucknell review.,,Bucknell review.,,,(OCoLC)ocm04412203,1954-c2004.,"Bucknell University Press,",1954,aastx,AP2 .B887,AP    2            B 887,v.9(1960-1961),,1,1,"=""31811010344284""",aastx,Book Collection,BOOK 16/8/4 WK,,,,4/21/2002,,2401,
175594,191894,215509,N,N,as,eng,Bucknell review.,,Bucknell review.,,,(OCoLC)ocm04412203,1954-c2004.,"Bucknell University Press,",1954,aastx,AP2 .B887,AP    2            B 887,v.7(1957-1958),,1,1,"=""31811010344219""",aastx,Book Collection,BOOK 16/8/4 WK,,,,4/21/2002,,2401,
175594,191894,215510,N,N,as,eng,Bucknell review.,,Bucknell review.,,,(OCoLC)ocm04412203,1954-c2004.,"Bucknell University Press,",1954,aastx,AP2 .B887,AP    2            B 887,v.6(1956-1957),,1,1,"=""31811010344227""",aastx,Book Collection,BOOK 16/8/4 WK,,,,4/21/2002,,2401,
506274,487887,547255,N,N,as,eng,Quarterly review of literature. Poetry book series.,,Quarterly review of literature.,,,(OCoLC)ocm34526005,c1996-c2005.,"Quarterly Review of Literature,",1996,aastx,AP2 .Q294,AP    2            Q 294,v.36(1997),,1,1,"=""31811010902495""",aastx,Book Collection,SERIAL 16/8/4 WK,,,,4/21/2002,7/22/2005,7377,
506274,487887,547256,N,N,as,eng,Quarterly review of literature. Poetry book series.,,Quarterly review of literature.,,,(OCoLC)ocm34526005,c1996-c2005.,"Quarterly Review of Literature,",1996,aastx,AP2 .Q294,AP    2            Q 294,v.35(1996),,1,1,"=""31811010216854""",aastx,Book Collection,SERIAL 16/8/4 WK,,,,4/21/2002,7/22/2005,7377,
506274,487887,732771,N,N,as,eng,Quarterly review of literature. Poetry book series.,,Quarterly review of literature.,,,(OCoLC)ocm34526005,c1996-c2005.,"Quarterly Review of Literature,",1996,aastx,AP2 .Q294,AP    2            Q 294,v.39/40(2005),,1,1,"=""31811012520212""",aastx,Book Collection,SERIAL 16/8/4 WK,,,,4/21/2002,7/22/2005,7377,
208372,228609,843179,N,N,as,eng,Journal of the Warburg and Courtauld Institutes.,,Journal of the Warburg and Courtauld Institutes.,,,(OCoLC)ocm08364251,1940-,"Warburg Institute, University of London,",1940,aastx,AS122 .L8515,AS  122            L 8515,ed. 1,,0,1,"=""""",aastx,Book Collection,SERIAL NONCIRC,,,,4/21/2002,6/7/2013,3184,
208372,228609,831231,N,N,as,eng,Journal of the Warburg and Courtauld Institutes.,,Journal of the Warburg and Courtauld Institutes.,,,(OCoLC)ocm08364251,1940-,"Warburg Institute, University of London,",1940,aastx,AS122 .L8515,AS  122            L 8515,v.74(2011),,1,1,"=""31811013911139""",aastx,Book Collection,SERIAL 16/8/4 WK,,,,4/21/2002,6/7/2013,3184,
208372,228609,257270,N,N,as,eng,Journal of the Warburg and Courtauld Institutes.,,Journal of the Warburg and Courtauld Institutes.,,,(OCoLC)ocm08364251,1940-,"Warburg Institute, University of London,",1940,aastx,AS122 .L8515,AS  122            L 8515,v.63(2000),,1,1,"=""31811012197664""",aastx,Book Collection,SERIAL 16/8/4 WK,,,,4/21/2002,6/7/2013,3184,
208372,228609,257271,N,N,as,eng,Journal of the Warburg and Courtauld Institutes.,,Journal of the Warburg and Courtauld Institutes.,,,(OCoLC)ocm08364251,1940-,"Warburg Institute, University of London,",1940,aastx,AS122 .L8515,AS  122            L 8515,v.62(1999),,1,1,"=""31811012074483""",aastx,Book Collection,SERIAL 16/8/4 WK,,,,4/21/2002,6/7/2013,3184,
208372,228609,257272,N,N,as,eng,Journal of the Warburg and Courtauld Institutes.,,Journal of the Warburg and Courtauld Institutes.,,,(OCoLC)ocm08364251,1940-,"Warburg Institute, University of London,",1940,aastx,AS122 .L8515,AS  122            L 8515,v.61(1998),,1,1,"=""31811012103266""",aastx,Book Collection,SERIAL 16/8/4 WK,,,,4/21/2002,6/7/2013,3184,
208372,228609,257273,N,N,as,eng,Journal of the Warburg and Courtauld Institutes.,,Journal of the Warburg and Courtauld Institutes.,,,(OCoLC)ocm08364251,1940-,"Warburg Institute, University of London,",1940,aastx,AS122 .L8515,AS  122            L 8515,v.60(1997),,1,1,"=""31811011346833""",aastx,Book Collection,SERIAL 16/8/4 WK,,,,4/21/2002,6/7/2013,3184,
208372,228609,257274,N,N,as,eng,Journal of the Warburg and Courtauld Institutes.,,Journal of the Warburg and Courtauld Institutes.,,,(OCoLC)ocm08364251,1940-,"Warburg Institute, University of London,",1940,aastx,AS122 .L8515,AS  122            L 8515,v.59(1996),,1,1,"=""31811012047430""",aastx,Book Collection,SERIAL 16/8/4 WK,,,,4/21/2002,6/7/2013,3184,
208372,228609,257275,N,N,as,eng,Journal of the Warburg and Courtauld Institutes.,,Journal of the Warburg and Courtauld Institutes.,,,(OCoLC)ocm08364251,1940-,"Warburg Institute, University of London,",1940,aastx,AS122 .L8515,AS  122            L 8515,v.58(1995),,1,1,"=""31811012047422""",aastx,Book Collection,SERIAL 16/8/4 WK,,,,4/21/2002,6/7/2013,3184,
208372,228609,257276,N,N,as,eng,Journal of the Warburg and Courtauld Institutes.,,Journal of the Warburg and Courtauld Institutes.,,,(OCoLC)ocm08364251,1940-,"Warburg Institute, University of London,",1940,aastx,AS122 .L8515,AS  122            L 8515,v.57(1994),,1,1,"=""31811012047414""",aastx,Book Collection,SERIAL 16/8/4 WK,,,,4/21/2002,6/7/2013,3184,
208372,228609,257277,N,N,as,eng,Journal of the Warburg and Courtauld Institutes.,,Journal of the Warburg and Courtauld Institutes.,,,(OCoLC)ocm08364251,1940-,"Warburg Institute, University of London,",1940,aastx,AS122 .L8515,AS  122            L 8515,v.56(1993),,1,1,"=""31811012047125""",aastx,Book Collection,SERIAL 16/8/4 WK,,,,4/21/2002,6/7/2013,3184,
208372,228609,257278,N,N,as,eng,Journal of the Warburg and Courtauld Institutes.,,Journal of the Warburg and Courtauld Institutes.,,,(OCoLC)ocm08364251,1940-,"Warburg Institute, University of London,",1940,aastx,AS122 .L8515,AS  122            L 8515,v.55(1992),,1,1,"=""31811012047117""",aastx,Book Collection,SERIAL 16/8/4 WK,,,,4/21/2002,6/7/2013,3184,
208372,228609,257279,N,N,as,eng,Journal of the Warburg and Courtauld Institutes.,,Journal of the Warburg and Courtauld Institutes.,,,(OCoLC)ocm08364251,1940-,"Warburg Institute, University of London,",1940,aastx,AS122 .L8515,AS  122            L 8515,v.54(1991),,1,1,"=""31811012047109""",aastx,Book Collection,SERIAL 16/8/4 WK,,,,4/21/2002,6/7/2013,3184,
208372,228609,257280,N,N,as,eng,Journal of the Warburg and Courtauld Institutes.,,Journal of the Warburg and Courtauld Institutes.,,,(OCoLC)ocm08364251,1940-,"Warburg Institute, University of London,",1940,aastx,AS122 .L8515,AS  122            L 8515,v.53(1990),,1,1,"=""31811012047091""",aastx,Book Collection,SERIAL 16/8/4 WK,,,,4/21/2002,6/7/2013,3184,
208372,228609,257281,N,N,as,eng,Journal of the Warburg and Courtauld Institutes.,,Journal of the Warburg and Courtauld Institutes.,,,(OCoLC)ocm08364251,1940-,"Warburg Institute, University of London,",1940,aastx,AS122 .L8515,AS  122            L 8515,v.52(1989),,1,1,"=""31811012046804""",aastx,Book Collection,SERIAL 16/8/4 WK,,,,4/21/2002,6/7/2013,3184,
208372,228609,257282,N,N,as,eng,Journal of the Warburg and Courtauld Institutes.,,Journal of the Warburg and Courtauld Institutes.,,,(OCoLC)ocm08364251,1940-,"Warburg Institute, University of London,",1940,aastx,AS122 .L8515,AS  122            L 8515,v.51(1988),,1,1,"=""31811012046796""",aastx,Book Collection,SERIAL 16/8/4 WK,,,,4/21/2002,6/7/2013,3184,
208372,228609,257283,N,N,as,eng,Journal of the Warburg and Courtauld Institutes.,,Journal of the Warburg and Courtauld Institutes.,,,(OCoLC)ocm08364251,1940-,"Warburg Institute, University of London,",1940,aastx,AS122 .L8515,AS  122            L 8515,v.50(1987),,1,1,"=""31811012046788""",aastx,Book Collection,SERIAL 16/8/4 WK,,,,4/21/2002,6/7/2013,3184,
208372,228609,257284,N,N,as,eng,Journal of the Warburg and Courtauld Institutes.,,Journal of the Warburg and Courtauld Institutes.,,,(OCoLC)ocm08364251,1940-,"Warburg Institute, University of London,",1940,aastx,AS122 .L8515,AS  122            L 8515,v.49(1986),,1,1,"=""31811012046770""",aastx,Book Collection,SERIAL 16/8/4 WK,,,,4/21/2002,6/7/2013,3184,
208372,228609,257285,N,N,as,eng,Journal of the Warburg and Courtauld Institutes.,,Journal of the Warburg and Courtauld Institutes.,,,(OCoLC)ocm08364251,1940-,"Warburg Institute, University of London,",1940,aastx,AS122 .L8515,AS  122            L 8515,v.48(1985),,1,1,"=""31811012046481""",aastx,Book Collection,SERIAL 16/8/4 WK,,,,4/21/2002,6/7/2013,3184,
208372,228609,257286,N,N,as,eng,Journal of the Warburg and Courtauld Institutes.,,Journal of the Warburg and Courtauld Institutes.,,,(OCoLC)ocm08364251,1940-,"Warburg Institute, University of London,",1940,aastx,AS122 .L8515,AS  122            L 8515,v.47(1984),,1,1,"=""31811012046473""",aastx,Book Collection,SERIAL 16/8/4 WK,,,,4/21/2002,6/7/2013,3184,
208372,228609,257287,N,N,as,eng,Journal of the Warburg and Courtauld Institutes.,,Journal of the Warburg and Courtauld Institutes.,,,(OCoLC)ocm08364251,1940-,"Warburg Institute, University of London,",1940,aastx,AS122 .L8515,AS  122            L 8515,v.46(1983),,1,1,"=""31811012046465""",aastx,Book Collection,SERIAL 16/8/4 WK,,,,4/21/2002,6/7/2013,3184,
208372,228609,257288,N,N,as,eng,Journal of the Warburg and Courtauld Institutes.,,Journal of the Warburg and Courtauld Institutes.,,,(OCoLC)ocm08364251,1940-,"Warburg Institute, University of London,",1940,aastx,AS122 .L8515,AS  122            L 8515,v.45(1982),,1,1,"=""31811012046457""",aastx,Book Collection,SERIAL 16/8/4 WK,,,,4/21/2002,6/7/2013,3184,
208372,228609,257289,N,N,as,eng,Journal of the Warburg and Courtauld Institutes.,,Journal of the Warburg and Courtauld Institutes.,,,(OCoLC)ocm08364251,1940-,"Warburg Institute, University of London,",1940,aastx,AS122 .L8515,AS  122            L 8515,v.44(1981),,1,1,"=""31811012047489""",aastx,Book Collection,SERIAL 16/8/4 WK,,,,4/21/2002,6/7/2013,3184,9/5/2006
208372,228609,257290,N,N,as,eng,Journal of the Warburg and Courtauld Institutes.,,Journal of the Warburg and Courtauld Institutes.,,,(OCoLC)ocm08364251,1940-,"Warburg Institute, University of London,",1940,aastx,AS122 .L8515,AS  122            L 8515,v.43(1980),,1,1,"=""31811012047802""",aastx,Book Collection,SERIAL 16/8/4 WK,,,,4/21/2002,6/7/2013,3184,
208372,228609,257291,N,N,as,eng,Journal of the Warburg and Courtauld Institutes.,,Journal of the Warburg and Courtauld Institutes.,,,(OCoLC)ocm08364251,1940-,"Warburg Institute, University of London,",1940,aastx,AS122 .L8515,AS  122            L 8515,v.42(1979),,1,1,"=""31811012047794""",aastx,Book Collection,SERIAL 16/8/4 WK,,,,4/21/2002,6/7/2013,3184,
208372,228609,257292,N,N,as,eng,Journal of the Warburg and Courtauld Institutes.,,Journal of the Warburg and Courtauld Institutes.,,,(OCoLC)ocm08364251,1940-,"Warburg Institute, University of London,",1940,aastx,AS122 .L8515,AS  122            L 8515,v.41(1978),,1,1,"=""31811012047786""",aastx,Book Collection,SERIAL 16/8/4 WK,,,,4/21/2002,6/7/2013,3184,
208372,228609,257293,N,N,as,eng,Journal of the Warburg and Courtauld Institutes.,,Journal of the Warburg and Courtauld Institutes.,,,(OCoLC)ocm08364251,1940-,"Warburg Institute, University of London,",1940,aastx,AS122 .L8515,AS  122            L 8515,v.40(1977),,1,1,"=""31811012047778""",aastx,Book Collection,SERIAL 16/8/4 WK,,,,4/21/2002,6/7/2013,3184,
208372,228609,257294,N,N,as,eng,Journal of the Warburg and Courtauld Institutes.,,Journal of the Warburg and Courtauld Institutes.,,,(OCoLC)ocm08364251,1940-,"Warburg Institute, University of London,",1940,aastx,AS122 .L8515,AS  122            L 8515,v.39(1976),,1,1,"=""31811012047166""",aastx,Book Collection,SERIAL 16/8/4 WK,,,,4/21/2002,6/7/2013,3184,
208372,228609,257295,N,N,as,eng,Journal of the Warburg and Courtauld Institutes.,,Journal of the Warburg and Courtauld Institutes.,,,(OCoLC)ocm08364251,1940-,"Warburg Institute, University of London,",1940,aastx,AS122 .L8515,AS  122            L 8515,v.38(1975),,1,1,"=""31811012047158""",aastx,Book Collection,SERIAL 16/8/4 WK,,,,4/21/2002,6/7/2013,3184,
208372,228609,257296,N,N,as,eng,Journal of the Warburg and Courtauld Institutes.,,Journal of the Warburg and Courtauld Institutes.,,,(OCoLC)ocm08364251,1940-,"Warburg Institute, University of London,",1940,aastx,AS122 .L8515,AS  122            L 8515,v.37(1974),,1,1,"=""31811012047141""",aastx,Book Collection,SERIAL 16/8/4 WK,,,,4/21/2002,6/7/2013,3184,
208372,228609,257297,N,N,as,eng,Journal of the Warburg and Courtauld Institutes.,,Journal of the Warburg and Courtauld Institutes.,,,(OCoLC)ocm08364251,1940-,"Warburg Institute, University of London,",1940,aastx,AS122 .L8515,AS  122            L 8515,v.36(1973),,1,1,"=""31811012047133""",aastx,Book Collection,SERIAL 16/8/4 WK,,,,4/21/2002,6/7/2013,3184,
208372,228609,257298,N,N,as,eng,Journal of the Warburg and Courtauld Institutes.,,Journal of the Warburg and Courtauld Institutes.,,,(OCoLC)ocm08364251,1940-,"Warburg Institute, University of London,",1940,aastx,AS122 .L8515,AS  122            L 8515,v.35(1972),,1,1,"=""31811012047471""",aastx,Book Collection,SERIAL 16/8/4 WK,,,,4/21/2002,6/7/2013,3184,
208372,228609,257299,N,N,as,eng,Journal of the Warburg and Courtauld Institutes.,,Journal of the Warburg and Courtauld Institutes.,,,(OCoLC)ocm08364251,1940-,"Warburg Institute, University of London,",1940,aastx,AS122 .L8515,AS  122            L 8515,v.34(1971),,1,1,"=""31811012047463""",aastx,Book Collection,SERIAL 16/8/4 WK,,,,4/21/2002,6/7/2013,3184,
208372,228609,257300,N,N,as,eng,Journal of the Warburg and Courtauld Institutes.,,Journal of the Warburg and Courtauld Institutes.,,,(OCoLC)ocm08364251,1940-,"Warburg Institute, University of London,",1940,aastx,AS122 .L8515,AS  122            L 8515,v.33(1970),,1,1,"=""31811012047455""",aastx,Book Collection,SERIAL 16/8/4 WK,,,,4/21/2002,6/7/2013,3184,
208372,228609,257301,N,N,as,eng,Journal of the Warburg and Courtauld Institutes.,,Journal of the Warburg and Courtauld Institutes.,,,(OCoLC)ocm08364251,1940-,"Warburg Institute, University of London,",1940,aastx,AS122 .L8515,AS  122            L 8515,v.32(1969),,1,1,"=""31811012046846""",aastx,Book Collection,SERIAL 16/8/4 WK,,,,4/21/2002,6/7/2013,3184,
208372,228609,257302,N,N,as,eng,Journal of the Warburg and Courtauld Institutes.,,Journal of the Warburg and Courtauld Institutes.,,,(OCoLC)ocm08364251,1940-,"Warburg Institute, University of London,",1940,aastx,AS122 .L8515,AS  122            L 8515,v.29(1966),,1,1,"=""31811012046838""",aastx,Book Collection,SERIAL 16/8/4 WK,,,,4/21/2002,6/7/2013,3184,
208372,228609,257303,N,N,as,eng,Journal of the Warburg and Courtauld Institutes.,,Journal of the Warburg and Courtauld Institutes.,,,(OCoLC)ocm08364251,1940-,"Warburg Institute, University of London,",1940,aastx,AS122 .L8515,AS  122            L 8515,v.28(1965),,1,1,"=""31811012046820""",aastx,Book Collection,SERIAL 16/8/4 WK,,,,4/21/2002,6/7/2013,3184,
208372,228609,257304,N,N,as,eng,Journal of the Warburg and Courtauld Institutes.,,Journal of the Warburg and Courtauld Institutes.,,,(OCoLC)ocm08364251,1940-,"Warburg Institute, University of London,",1940,aastx,AS122 .L8515,AS  122            L 8515,v.27(1964),,1,1,"=""31811012046812""",aastx,Book Collection,SERIAL 16/8/4 WK,,,,4/21/2002,6/7/2013,3184,
208372,228609,257305,N,N,as,eng,Journal of the Warburg and Courtauld Institutes.,,Journal of the Warburg and Courtauld Institutes.,,,(OCoLC)ocm08364251,1940-,"Warburg Institute, University of London,",1940,aastx,AS122 .L8515,AS  122            L 8515,v.26(1963),,1,1,"=""31811012046523""",aastx,Book Collection,SERIAL 16/8/4 WK,,,,4/21/2002,6/7/2013,3184,
208372,228609,257306,N,N,as,eng,Journal of the Warburg and Courtauld Institutes.,,Journal of the Warburg and Courtauld Institutes.,,,(OCoLC)ocm08364251,1940-,"Warburg Institute, University of London,",1940,aastx,AS122 .L8515,AS  122            L 8515,v.25(1962),,1,1,"=""31811012046515""",aastx,Book Collection,SERIAL 16/8/4 WK,,,,4/21/2002,6/7/2013,3184,7/11/2006
208372,228609,257307,N,N,as,eng,Journal of the Warburg and Courtauld Institutes.,,Journal of the Warburg and Courtauld Institutes.,,,(OCoLC)ocm08364251,1940-,"Warburg Institute, University of London,",1940,aastx,AS122 .L8515,AS  122            L 8515,v.24(1961),,1,1,"=""31811012049642""",aastx,Book Collection,SERIAL 16/8/4 WK,,,,4/21/2002,6/7/2013,3184,
208372,228609,257308,N,N,as,eng,Journal of the Warburg and Courtauld Institutes.,,Journal of the Warburg and Courtauld Institutes.,,,(OCoLC)ocm08364251,1940-,"Warburg Institute, University of London,",1940,aastx,AS122 .L8515,AS  122            L 8515,v.23(1960),,1,1,"=""31811012049634""",aastx,Book Collection,SERIAL 16/8/4 WK,,,,4/21/2002,6/7/2013,3184,
208372,228609,257309,N,N,as,eng,Journal of the Warburg and Courtauld Institutes.,,Journal of the Warburg and Courtauld Institutes.,,,(OCoLC)ocm08364251,1940-,"Warburg Institute, University of London,",1940,aastx,AS122 .L8515,AS  122            L 8515,v.22(1959),,1,1,"=""31811012049626""",aastx,Book Collection,SERIAL 16/8/4 WK,,,,4/21/2002,6/7/2013,3184,
208372,228609,257310,N,N,as,eng,Journal of the Warburg and Courtauld Institutes.,,Journal of the Warburg and Courtauld Institutes.,,,(OCoLC)ocm08364251,1940-,"Warburg Institute, University of London,",1940,aastx,AS122 .L8515,AS  122            L 8515,v.21(1958),,1,1,"=""31811012049618""",aastx,Book Collection,SERIAL 16/8/4 WK,,,,4/21/2002,6/7/2013,3184,
208372,228609,257311,N,N,as,eng,Journal of the Warburg and Courtauld Institutes.,,Journal of the Warburg and Courtauld Institutes.,,,(OCoLC)ocm08364251,1940-,"Warburg Institute, University of London,",1940,aastx,AS122 .L8515,AS  122            L 8515,v.20(1957),,1,1,"=""31811012049329""",aastx,Book Collection,SERIAL 16/8/4 WK,,,,4/21/2002,6/7/2013,3184,
208372,228609,257312,N,N,as,eng,Journal of the Warburg and Courtauld Institutes.,,Journal of the Warburg and Courtauld Institutes.,,,(OCoLC)ocm08364251,1940-,"Warburg Institute, University of London,",1940,aastx,AS122 .L8515,AS  122            L 8515,v.19(1956),,1,1,"=""31811012049311""",aastx,Book Collection,SERIAL 16/8/4 WK,,,,4/21/2002,6/7/2013,3184,
208372,228609,257313,N,N,as,eng,Journal of the Warburg and Courtauld Institutes.,,Journal of the Warburg and Courtauld Institutes.,,,(OCoLC)ocm08364251,1940-,"Warburg Institute, University of London,",1940,aastx,AS122 .L8515,AS  122            L 8515,v.18(1955),,1,1,"=""31811012049303""",aastx,Book Collection,SERIAL 16/8/4 WK,,,,4/21/2002,6/7/2013,3184,
208372,228609,257314,N,N,as,eng,Journal of the Warburg and Courtauld Institutes.,,Journal of the Warburg and Courtauld Institutes.,,,(OCoLC)ocm08364251,1940-,"Warburg Institute, University of London,",1940,aastx,AS122 .L8515,AS  122            L 8515,v.16-17(1953-1954),,1,1,"=""31811012049295""",aastx,Book Collection,SERIAL 16/8/4 WK,,,,4/21/2002,6/7/2013,3184,
208372,228609,257315,N,N,as,eng,Journal of the Warburg and Courtauld Institutes.,,Journal of the Warburg and Courtauld Institutes.,,,(OCoLC)ocm08364251,1940-,"Warburg Institute, University of London,",1940,aastx,AS122 .L8515,AS  122            L 8515,v.15(1952),,1,1,"=""31811012049006""",aastx,Book Collection,SERIAL 16/8/4 WK,,,,4/21/2002,6/7/2013,3184,
208372,228609,257316,N,N,as,eng,Journal of the Warburg and Courtauld Institutes.,,Journal of the Warburg and Courtauld Institutes.,,,(OCoLC)ocm08364251,1940-,"Warburg Institute, University of London,",1940,aastx,AS122 .L8515,AS  122            L 8515,v.13-14(1950-1951),,1,1,"=""31811012048990""",aastx,Book Collection,SERIAL 16/8/4 WK,,,,4/21/2002,6/7/2013,3184,9/8/2009
208372,228609,257317,N,N,as,eng,Journal of the Warburg and Courtauld Institutes.,,Journal of the Warburg and Courtauld Institutes.,,,(OCoLC)ocm08364251,1940-,"Warburg Institute, University of London,",1940,aastx,AS122 .L8515,AS  122            L 8515,v.11-12(1948-1949),,1,1,"=""31811012048982""",aastx,Book Collection,SERIAL 16/8/4 WK,,,,4/21/2002,6/7/2013,3184,
208372,228609,257318,N,N,as,eng,Journal of the Warburg and Courtauld Institutes.,,Journal of the Warburg and Courtauld Institutes.,,,(OCoLC)ocm08364251,1940-,"Warburg Institute, University of London,",1940,aastx,AS122 .L8515,AS  122            L 8515,v.9-10(1946-1947),,1,1,"=""31811012048974""",aastx,Book Collection,SERIAL 16/8/4 WK,,,,4/21/2002,6/7/2013,3184,
208372,228609,257319,N,N,as,eng,Journal of the Warburg and Courtauld Institutes.,,Journal of the Warburg and Courtauld Institutes.,,,(OCoLC)ocm08364251,1940-,"Warburg Institute, University of London,",1940,aastx,AS122 .L8515,AS  122            L 8515,v.7-8(1944-1945),,1,1,"=""31811012048685""",aastx,Book Collection,SERIAL 16/8/4 WK,,,,4/21/2002,6/7/2013,3184,
208372,228609,257320,N,N,as,eng,Journal of the Warburg and Courtauld Institutes.,,Journal of the Warburg and Courtauld Institutes.,,,(OCoLC)ocm08364251,1940-,"Warburg Institute, University of London,",1940,aastx,AS122 .L8515,AS  122            L 8515,v.5-6(1942-1943),,1,1,"=""31811012048677""",aastx,Book Collection,SERIAL 16/8/4 WK,,,,4/21/2002,6/7/2013,3184,6/11/2008
208372,228609,257321,N,N,as,eng,Journal of the Warburg and Courtauld Institutes.,,Journal of the Warburg and Courtauld Institutes.,,,(OCoLC)ocm08364251,1940-,"Warburg Institute, University of London,",1940,aastx,AS122 .L8515,AS  122            L 8515,v.3-4(1939-1941),,1,1,"=""31811012048669""",aastx,Book Collection,SERIAL 16/8/4 WK,,,,4/21/2002,6/7/2013,3184,
208372,228609,257322,N,N,as,eng,Journal of the Warburg and Courtauld Institutes.,,Journal of the Warburg and Courtauld Institutes.,,,(OCoLC)ocm08364251,1940-,"Warburg Institute, University of London,",1940,aastx,AS122 .L8515,AS  122            L 8515,v.1-2(1937-1939),,1,1,"=""31811012048651""",aastx,Book Collection,SERIAL 16/8/4 WK,,,,4/21/2002,6/7/2013,3184,
208372,228609,684862,N,N,as,eng,Journal of the Warburg and Courtauld Institutes.,,Journal of the Warburg and Courtauld Institutes.,,,(OCoLC)ocm08364251,1940-,"Warburg Institute, University of London,",1940,aastx,AS122 .L8515,AS  122            L 8515,v.64(2001),,1,1,"=""31811012167980""",aastx,Book Collection,SERIAL 16/8/4 WK,,,,4/21/2002,6/7/2013,3184,
208372,228609,765679,N,N,as,eng,Journal of the Warburg and Courtauld Institutes.,,Journal of the Warburg and Courtauld Institutes.,,,(OCoLC)ocm08364251,1940-,"Warburg Institute, University of London,",1940,aastx,AS122 .L8515,AS  122            L 8515,v.68(2005),,1,1,"=""31811012308980""",aastx,Book Collection,SERIAL 16/8/4 WK,,,,4/21/2002,6/7/2013,3184,
208372,228609,765680,N,N,as,eng,Journal of the Warburg and Courtauld Institutes.,,Journal of the Warburg and Courtauld Institutes.,,,(OCoLC)ocm08364251,1940-,"Warburg Institute, University of London,",1940,aastx,AS122 .L8515,AS  122            L 8515,v.69(2006),,1,1,"=""31811012308998""",aastx,Book Collection,SERIAL 16/8/4 WK,,,,4/21/2002,6/7/2013,3184,
208372,228609,704071,N,N,as,eng,Journal of the Warburg and Courtauld Institutes.,,Journal of the Warburg and Courtauld Institutes.,,,(OCoLC)ocm08364251,1940-,"Warburg Institute, University of London,",1940,aastx,AS122 .L8515,AS  122            L 8515,v.65(2002),,1,1,"=""31811012895101""",aastx,Book Collection,SERIAL 16/8/4 WK,,,,4/21/2002,6/7/2013,3184,
208372,228609,725925,N,N,as,eng,Journal of the Warburg and Courtauld Institutes.,,Journal of the Warburg and Courtauld Institutes.,,,(OCoLC)ocm08364251,1940-,"Warburg Institute, University of London,",1940,aastx,AS122 .L8515,AS  122            L 8515,v.66(2003),,1,1,"=""31811012510262""",aastx,Book Collection,SERIAL 16/8/4 WK,,,,4/21/2002,6/7/2013,3184,
208372,228609,744548,N,N,as,eng,Journal of the Warburg and Courtauld Institutes.,,Journal of the Warburg and Courtauld Institutes.,,,(OCoLC)ocm08364251,1940-,"Warburg Institute, University of London,",1940,aastx,AS122 .L8515,AS  122            L 8515,v.67(2004),,1,1,"=""31811012641901""",aastx,Book Collection,SERIAL 16/8/4 WK,,,,4/21/2002,6/7/2013,3184,
208372,228609,788449,N,N,as,eng,Journal of the Warburg and Courtauld Institutes.,,Journal of the Warburg and Courtauld Institutes.,,,(OCoLC)ocm08364251,1940-,"Warburg Institute, University of London,",1940,aastx,AS122 .L8515,AS  122            L 8515,v.70(2007),,1,1,"=""31811013558039""",aastx,Book Collection,SERIAL 16/8/4 WK,,,,4/21/2002,6/7/2013,3184,
208372,228609,803730,N,N,as,eng,Journal of the Warburg and Courtauld Institutes.,,Journal of the Warburg and Courtauld Institutes.,,,(OCoLC)ocm08364251,1940-,"Warburg Institute, University of London,",1940,aastx,AS122 .L8515,AS  122            L 8515,v.72(2009),,1,1,"=""31811013751204""",aastx,Book Collection,SERIAL 16/8/4 WK,,,,4/21/2002,6/7/2013,3184,
61339,66651,813144,N,N,as,eng,Foundation directory.,,Foundation directory.,,,(OCoLC)ocm00918159,,Foundation Center; distributed by Columbia University Press.,1960,aastx,AS911.A2 F65,AS  911            A 2   F 65,2011(33rd ed.),,1,1,"=""31811013751410""",aastx,Book Collection,SERIAL 16/8/4 WK,,,,4/21/2002,5/9/2013,4487,9/24/2012
61339,66651,821467,N,N,as,eng,Foundation directory.,,Foundation directory.,,,(OCoLC)ocm00918159,,Foundation Center; distributed by Columbia University Press.,1960,aastx,AS911.A2 F65,AS  911            A 2   F 65,2012(34th ed.),,1,1,"=""31811013850857""",aastx,Book Collection,SERIAL 16/8/4 WK,,,,4/21/2002,5/9/2013,4487,
445627,604993,816315,N,N,as,eng,Foundation directory. Supplement.,,Foundation directory.,,,(OCoLC)ocm26660204,1992-,"Foundation Center,",1992,aastx,AS911.A2 F655 Suppl.,AS  911            A 2   F 655   SUPPL,2011,,1,1,"=""31811013782746""",aastx,Book Collection,SERIAL 16/8/4 WK,,,,4/21/2002,5/9/2013,3545,
445627,604993,827830,N,N,as,eng,Foundation directory. Supplement.,,Foundation directory.,,,(OCoLC)ocm26660204,1992-,"Foundation Center,",1992,aastx,AS911.A2 F655 Suppl.,AS  911            A 2   F 655   SUPPL,2012,,1,1,"=""31811013903185""",aastx,Book Collection,SERIAL 16/8/4 WK,,,,4/21/2002,5/9/2013,3545,
454193,540495,773539,N,N,as,eng,Annual report - Carnegie Corporation of New York.,,Annual report - Carnegie Corporation of New York.,,,(OCoLC)ocm01266813,,[Carnegie Corporation of New York],1954,aastx,AS911.C37 A13,AS  911            C 37   A 13,2004/05,,1,1,"=""31811013189397""",aastx,Book Collection,SERIAL 16/8/4 WK,,,,4/21/2002,6/5/2008,10302,
438189,523570,587674,N,N,as,eng,Rockefeller Brothers Fund annual report.,Rockefeller Brothers Fund.,Rockefeller Brothers Fund annual report.,,,(OCoLC)ocm01906468,[1973-,"The Fund,",1972,aastx,AS911.R6 A3,AS  911            R 6   A 3,2000,,1,1,"=""31811012197078""",aastx,Book Collection,SERIAL 16/8/4 WK,,,,4/21/2002,8/3/2009,4175,
438189,523570,587675,N,N,as,eng,Rockefeller Brothers Fund annual report.,Rockefeller Brothers Fund.,Rockefeller Brothers Fund annual report.,,,(OCoLC)ocm01906468,[1973-,"The Fund,",1972,aastx,AS911.R6 A3,AS  911            R 6   A 3,1999,,1,1,"=""31811012070234""",aastx,Book Collection,SERIAL 16/8/4 WK,,,,4/21/2002,8/3/2009,4175,
438189,523570,587676,N,N,as,eng,Rockefeller Brothers Fund annual report.,Rockefeller Brothers Fund.,Rockefeller Brothers Fund annual report.,,,(OCoLC)ocm01906468,[1973-,"The Fund,",1972,aastx,AS911.R6 A3,AS  911            R 6   A 3,1997,,1,1,"=""31811010595067""",aastx,Book Collection,SERIAL 16/8/4 WK,,,,4/21/2002,8/3/2009,4175,
438189,523570,587677,N,N,as,eng,Rockefeller Brothers Fund annual report.,Rockefeller Brothers Fund.,Rockefeller Brothers Fund annual report.,,,(OCoLC)ocm01906468,[1973-,"The Fund,",1972,aastx,AS911.R6 A3,AS  911            R 6   A 3,1996,,1,1,"=""31811011301648""",aastx,Book Collection,SERIAL 16/8/4 WK,,,,4/21/2002,8/3/2009,4175,
438189,523570,587678,N,N,as,eng,Rockefeller Brothers Fund annual report.,Rockefeller Brothers Fund.,Rockefeller Brothers Fund annual report.,,,(OCoLC)ocm01906468,[1973-,"The Fund,",1972,aastx,AS911.R6 A3,AS  911            R 6   A 3,1995,,1,1,"=""31811010989955""",aastx,Book Collection,SERIAL 16/8/4 WK,,,,4/21/2002,8/3/2009,4175,
438189,523570,587679,N,N,as,eng,Rockefeller Brothers Fund annual report.,Rockefeller Brothers Fund.,Rockefeller Brothers Fund annual report.,,,(OCoLC)ocm01906468,[1973-,"The Fund,",1972,aastx,AS911.R6 A3,AS  911            R 6   A 3,1993,,1,1,"=""31811011267617""",aastx,Book Collection,SERIAL 16/8/4 WK,,,,4/21/2002,8/3/2009,4175,
438189,523570,587680,N,N,as,eng,Rockefeller Brothers Fund annual report.,Rockefeller Brothers Fund.,Rockefeller Brothers Fund annual report.,,,(OCoLC)ocm01906468,[1973-,"The Fund,",1972,aastx,AS911.R6 A3,AS  911            R 6   A 3,1992,,1,1,"=""31811011267575""",aastx,Book Collection,SERIAL 16/8/4 WK,,,,4/21/2002,8/3/2009,4175,
438189,523570,587681,N,N,as,eng,Rockefeller Brothers Fund annual report.,Rockefeller Brothers Fund.,Rockefeller Brothers Fund annual report.,,,(OCoLC)ocm01906468,[1973-,"The Fund,",1972,aastx,AS911.R6 A3,AS  911            R 6   A 3,1991,,1,1,"=""31811011267534""",aastx,Book Collection,SERIAL 16/8/4 WK,,,,4/21/2002,8/3/2009,4175,
438189,523570,587682,N,N,as,eng,Rockefeller Brothers Fund annual report.,Rockefeller Brothers Fund.,Rockefeller Brothers Fund annual report.,,,(OCoLC)ocm01906468,[1973-,"The Fund,",1972,aastx,AS911.R6 A3,AS  911            R 6   A 3,1990,,1,1,"=""31811011267492""",aastx,Book Collection,SERIAL 16/8/4 WK,,,,4/21/2002,8/3/2009,4175,
438189,523570,587683,N,N,as,eng,Rockefeller Brothers Fund annual report.,Rockefeller Brothers Fund.,Rockefeller Brothers Fund annual report.,,,(OCoLC)ocm01906468,[1973-,"The Fund,",1972,aastx,AS911.R6 A3,AS  911            R 6   A 3,1989,,1,1,"=""31811011267450""",aastx,Book Collection,SERIAL 16/8/4 WK,,,,4/21/2002,8/3/2009,4175,
438189,523570,587684,N,N,as,eng,Rockefeller Brothers Fund annual report.,Rockefeller Brothers Fund.,Rockefeller Brothers Fund annual report.,,,(OCoLC)ocm01906468,[1973-,"The Fund,",1972,aastx,AS911.R6 A3,AS  911            R 6   A 3,1988,,1,1,"=""31811011267419""",aastx,Book Collection,SERIAL 16/8/4 WK,,,,4/21/2002,8/3/2009,4175,
438189,523570,587685,N,N,as,eng,Rockefeller Brothers Fund annual report.,Rockefeller Brothers Fund.,Rockefeller Brothers Fund annual report.,,,(OCoLC)ocm01906468,[1973-,"The Fund,",1972,aastx,AS911.R6 A3,AS  911            R 6   A 3,1987,,1,1,"=""31811011267401""",aastx,Book Collection,SERIAL 16/8/4 WK,,,,4/21/2002,8/3/2009,4175,
438189,523570,587686,N,N,as,eng,Rockefeller Brothers Fund annual report.,Rockefeller Brothers Fund.,Rockefeller Brothers Fund annual report.,,,(OCoLC)ocm01906468,[1973-,"The Fund,",1972,aastx,AS911.R6 A3,AS  911            R 6   A 3,1986,,1,1,"=""31811011267369""",aastx,Book Collection,SERIAL 16/8/4 WK,,,,4/21/2002,8/3/2009,4175,
438189,523570,587687,N,N,as,eng,Rockefeller Brothers Fund annual report.,Rockefeller Brothers Fund.,Rockefeller Brothers Fund annual report.,,,(OCoLC)ocm01906468,[1973-,"The Fund,",1972,aastx,AS911.R6 A3,AS  911            R 6   A 3,1981,,1,1,"=""31811011267328""",aastx,Book Collection,SERIAL 16/8/4 WK,,,,4/21/2002,8/3/2009,4175,
438189,523570,587688,N,N,as,eng,Rockefeller Brothers Fund annual report.,Rockefeller Brothers Fund.,Rockefeller Brothers Fund annual report.,,,(OCoLC)ocm01906468,[1973-,"The Fund,",1972,aastx,AS911.R6 A3,AS  911            R 6   A 3,1980,,1,1,"=""31811011267286""",aastx,Book Collection,SERIAL 16/8/4 WK,,,,4/21/2002,8/3/2009,4175,
438189,523570,587689,N,N,as,eng,Rockefeller Brothers Fund annual report.,Rockefeller Brothers Fund.,Rockefeller Brothers Fund annual report.,,,(OCoLC)ocm01906468,[1973-,"The Fund,",1972,aastx,AS911.R6 A3,AS  911            R 6   A 3,1979,,1,1,"=""31811011267245""",aastx,Book Collection,SERIAL 16/8/4 WK,,,,4/21/2002,8/3/2009,4175,
438189,523570,587690,N,N,as,eng,Rockefeller Brothers Fund annual report.,Rockefeller Brothers Fund.,Rockefeller Brothers Fund annual report.,,,(OCoLC)ocm01906468,[1973-,"The Fund,",1972,aastx,AS911.R6 A3,AS  911            R 6   A 3,1976,,1,1,"=""31811011267203""",aastx,Book Collection,SERIAL 16/8/4 WK,,,,4/21/2002,8/3/2009,4175,
438189,523570,587691,N,N,as,eng,Rockefeller Brothers Fund annual report.,Rockefeller Brothers Fund.,Rockefeller Brothers Fund annual report.,,,(OCoLC)ocm01906468,[1973-,"The Fund,",1972,aastx,AS911.R6 A3,AS  911            R 6   A 3,1975,,1,1,"=""31811011267161""",aastx,Book Collection,SERIAL 16/8/4 WK,,,,4/21/2002,8/3/2009,4175,
438189,523570,587692,N,N,as,eng,Rockefeller Brothers Fund annual report.,Rockefeller Brothers Fund.,Rockefeller Brothers Fund annual report.,,,(OCoLC)ocm01906468,[1973-,"The Fund,",1972,aastx,AS911.R6 A3,AS  911            R 6   A 3,1974,,1,1,"=""31811011267120""",aastx,Book Collection,SERIAL 16/8/4 WK,,,,4/21/2002,8/3/2009,4175,
438189,523570,587693,N,N,as,eng,Rockefeller Brothers Fund annual report.,Rockefeller Brothers Fund.,Rockefeller Brothers Fund annual report.,,,(OCoLC)ocm01906468,[1973-,"The Fund,",1972,aastx,AS911.R6 A3,AS  911            R 6   A 3,1973,,1,1,"=""31811011267393""",aastx,Book Collection,SERIAL 16/8/4 WK,,,,4/21/2002,8/3/2009,4175,
438189,523570,587694,N,N,as,eng,Rockefeller Brothers Fund annual report.,Rockefeller Brothers Fund.,Rockefeller Brothers Fund annual report.,,,(OCoLC)ocm01906468,[1973-,"The Fund,",1972,aastx,AS911.R6 A3,AS  911            R 6   A 3,1972,,1,1,"=""31811011267351""",aastx,Book Collection,SERIAL 16/8/4 WK,,,,4/21/2002,8/3/2009,4175,
438189,523570,689773,N,N,as,eng,Rockefeller Brothers Fund annual report.,Rockefeller Brothers Fund.,Rockefeller Brothers Fund annual report.,,,(OCoLC)ocm01906468,[1973-,"The Fund,",1972,aastx,AS911.R6 A3,AS  911            R 6   A 3,2001,,1,1,"=""31811012756865""",aastx,Book Collection,SERIAL 16/8/4 WK,,,,4/21/2002,8/3/2009,4175,
438189,523570,702591,N,N,as,eng,Rockefeller Brothers Fund annual report.,Rockefeller Brothers Fund.,Rockefeller Brothers Fund annual report.,,,(OCoLC)ocm01906468,[1973-,"The Fund,",1972,aastx,AS911.R6 A3,AS  911            R 6   A 3,2002,,1,2,"=""31811012842699""",aastx,Book Collection,SERIAL 16/8/4 WK,,,,4/21/2002,8/3/2009,4175,
438189,523570,721003,N,N,as,eng,Rockefeller Brothers Fund annual report.,Rockefeller Brothers Fund.,Rockefeller Brothers Fund annual report.,,,(OCoLC)ocm01906468,[1973-,"The Fund,",1972,aastx,AS911.R6 A3,AS  911            R 6   A 3,2003,,1,1,"=""31811012991827""",aastx,Book Collection,SERIAL 16/8/4 WK,,,,4/21/2002,8/3/2009,4175,
438189,523570,737640,N,N,as,eng,Rockefeller Brothers Fund annual report.,Rockefeller Brothers Fund.,Rockefeller Brothers Fund annual report.,,,(OCoLC)ocm01906468,[1973-,"The Fund,",1972,aastx,AS911.R6 A3,AS  911            R 6   A 3,2004,,1,1,"=""31811012593201""",aastx,Book Collection,SERIAL 16/8/4 WK,,,,4/21/2002,8/3/2009,4175,
438189,523570,763786,N,N,as,eng,Rockefeller Brothers Fund annual report.,Rockefeller Brothers Fund.,Rockefeller Brothers Fund annual report.,,,(OCoLC)ocm01906468,[1973-,"The Fund,",1972,aastx,AS911.R6 A3,AS  911            R 6   A 3,2006,,1,1,"=""31811012305408""",aastx,Book Collection,SERIAL 16/8/4 WK,,,,4/21/2002,8/3/2009,4175,
438189,523570,775438,N,N,as,eng,Rockefeller Brothers Fund annual report.,Rockefeller Brothers Fund.,Rockefeller Brothers Fund annual report.,,,(OCoLC)ocm01906468,[1973-,"The Fund,",1972,aastx,AS911.R6 A3,AS  911            R 6   A 3,2007,,1,1,"=""31811013194041""",aastx,Book Collection,SERIAL 16/8/4 WK,,,,4/21/2002,8/3/2009,4175,
438189,523570,792488,N,N,as,eng,Rockefeller Brothers Fund annual report.,Rockefeller Brothers Fund.,Rockefeller Brothers Fund annual report.,,,(OCoLC)ocm01906468,[1973-,"The Fund,",1972,aastx,AS911.R6 A3,AS  911            R 6   A 3,2008,,1,1,"=""31811013601623""",aastx,Book Collection,SERIAL 16/8/4 WK,,,,4/21/2002,8/3/2009,4175,
531848,569819,644114,N,N,as,eng,Time almanac.,,Time almanac.,,,(OCoLC)ocm38222513,,Information Please LLC,1998,aastx,AY64 .T55,AY   64            T 55,2000,,1,1,"=""31811011829408""",aastx,Book Collection,SERIAL 16/8/4 WK,,,,4/21/2002,4/19/2017,4095,
531848,569819,644115,N,N,as,eng,Time almanac.,,Time almanac.,,,(OCoLC)ocm38222513,,Information Please LLC,1998,aastx,AY64 .T55,AY   64            T 55,1999,,1,1,"=""31811011413658""",aastx,Book Collection,SERIAL 16/8/4 WK,,,,4/21/2002,4/19/2017,4095,
531848,569819,644116,N,N,as,eng,Time almanac.,,Time almanac.,,,(OCoLC)ocm38222513,,Information Please LLC,1998,aastx,AY64 .T55,AY   64            T 55,2003,,1,1,"=""31811012752229""",aastx,Book Collection,SERIAL 16/8/4 WK,,,,4/21/2002,4/19/2017,4095,
531848,569819,687128,N,N,as,eng,Time almanac.,,Time almanac.,,,(OCoLC)ocm38222513,,Information Please LLC,1998,aastx,AY64 .T55,AY   64            T 55,2001,,1,1,"=""31811012081793""",aastx,Book Collection,SERIAL 16/8/4 WK,,,,4/21/2002,4/19/2017,4095,
531848,569819,703172,N,N,as,eng,Time almanac.,,Time almanac.,,,(OCoLC)ocm38222513,,Information Please LLC,1998,aastx,AY64 .T55,AY   64            T 55,2004,,1,1,"=""31811012842673""",aastx,Book Collection,SERIAL 16/8/4 WK,,,,4/21/2002,4/19/2017,4095,
531848,569819,724738,N,N,as,eng,Time almanac.,,Time almanac.,,,(OCoLC)ocm38222513,,Information Please LLC,1998,aastx,AY64 .T55,AY   64            T 55,2005,,1,1,"=""31811012992635""",aastx,Book Collection,SERIAL 16/8/4 WK,,,,4/21/2002,4/19/2017,4095,
531848,569819,737594,N,N,as,eng,Time almanac.,,Time almanac.,,,(OCoLC)ocm38222513,,Information Please LLC,1998,aastx,AY64 .T55,AY   64            T 55,2006,,1,1,"=""31811012593490""",aastx,Book Collection,SERIAL 16/8/4 WK,,,,4/21/2002,4/19/2017,4095,
531848,569819,754965,N,N,as,eng,Time almanac.,,Time almanac.,,,(OCoLC)ocm38222513,,Information Please LLC,1998,aastx,AY64 .T55,AY   64            T 55,2007,,1,1,"=""31811012709153""",aastx,Book Collection,SERIAL 16/8/4 WK,,,,4/21/2002,4/19/2017,4095,
531848,569819,766670,N,N,as,eng,Time almanac.,,Time almanac.,,,(OCoLC)ocm38222513,,Information Please LLC,1998,aastx,AY64 .T55,AY   64            T 55,2008,,1,1,"=""31811012341692""",aastx,Book Collection,SERIAL 16/8/4 WK,,,,4/21/2002,4/19/2017,4095,
531848,569819,780715,N,N,as,eng,Time almanac.,,Time almanac.,,,(OCoLC)ocm38222513,,Information Please LLC,1998,aastx,AY64 .T55,AY   64            T 55,2009,,1,1,"=""31811013227221""",aastx,Book Collection,SERIAL 16/8/4 WK,,,,4/21/2002,4/19/2017,4095,
450312,536349,603100,N,N,as,eng,Whitaker's almanack.,,Whitaker's almanack.,,,(OCoLC)ocm27235231,c1992-,"J. Whitaker,",1993,aastx,AY754 .W52,AY  754            W 52,2001 (133rd ed.),,1,1,"=""31811012051531""",aastx,Book Collection,SERIAL 16/8/4 WK,,,,4/21/2002,12/8/2009,4062,
450312,536349,603101,N,N,as,eng,Whitaker's almanack.,,Whitaker's almanack.,,,(OCoLC)ocm27235231,c1992-,"J. Whitaker,",1993,aastx,AY754 .W52,AY  754            W 52,2000 (132nd ed.),,1,1,"=""31811011761304""",aastx,Book Collection,SERIAL 16/8/4 WK,,,,4/21/2002,12/8/2009,4062,
450312,536349,603102,N,N,as,eng,Whitaker's almanack.,,Whitaker's almanack.,,,(OCoLC)ocm27235231,c1992-,"J. Whitaker,",1993,aastx,AY754 .W52,AY  754            W 52,1999 (131st ed.),,1,1,"=""31811010514944""",aastx,Book Collection,SERIAL 16/8/4 WK,,,,4/21/2002,12/8/2009,4062,
450312,536349,603103,N,N,as,eng,Whitaker's almanack.,,Whitaker's almanack.,,,(OCoLC)ocm27235231,c1992-,"J. Whitaker,",1993,aastx,AY754 .W52,AY  754            W 52,1998 (130th ed.),,1,1,"=""31811011251876""",aastx,Book Collection,SERIAL 16/8/4 WK,,,,4/21/2002,12/8/2009,4062,
450312,536349,603104,N,N,as,eng,Whitaker's almanack.,,Whitaker's almanack.,,,(OCoLC)ocm27235231,c1992-,"J. Whitaker,",1993,aastx,AY754 .W52,AY  754            W 52,1997 (129th ed.),,1,1,"=""31811011255505""",aastx,Book Collection,SERIAL 16/8/4 WK,,,,4/21/2002,12/8/2009,4062,
450312,536349,603105,N,N,as,eng,Whitaker's almanack.,,Whitaker's almanack.,,,(OCoLC)ocm27235231,c1992-,"J. Whitaker,",1993,aastx,AY754 .W52,AY  754            W 52,1996 (128th ed.),,1,1,"=""31811010515586""",aastx,Book Collection,SERIAL 16/8/4 WK,,,,4/21/2002,12/8/2009,4062,
450312,536349,603106,N,N,as,eng,Whitaker's almanack.,,Whitaker's almanack.,,,(OCoLC)ocm27235231,c1992-,"J. Whitaker,",1993,aastx,AY754 .W52,AY  754            W 52,1995 (127th ed.),,1,1,"=""31811010018722""",aastx,Book Collection,SERIAL 16/8/4 WK,,,,4/21/2002,12/8/2009,4062,
450312,536349,603107,N,N,as,eng,Whitaker's almanack.,,Whitaker's almanack.,,,(OCoLC)ocm27235231,c1992-,"J. Whitaker,",1993,aastx,AY754 .W52,AY  754            W 52,1994 (126th ed.),,1,1,"=""31811010754862""",aastx,Book Collection,SERIAL 16/8/4 WK,,,,4/21/2002,12/8/2009,4062,
450312,536349,603108,N,N,as,eng,Whitaker's almanack.,,Whitaker's almanack.,,,(OCoLC)ocm27235231,c1992-,"J. Whitaker,",1993,aastx,AY754 .W52,AY  754            W 52,1993 (125th ed.),,1,1,"=""31811010754870""",aastx,Book Collection,SERIAL 16/8/4 WK,,,,4/21/2002,12/8/2009,4062,
450312,536349,603109,N,N,as,eng,Whitaker's almanack.,,Whitaker's almanack.,,,(OCoLC)ocm27235231,c1992-,"J. Whitaker,",1993,aastx,AY754 .W52,AY  754            W 52,2003 (135th ed.),,1,1,"=""31811012754688""",aastx,Book Collection,SERIAL 16/8/4 WK,,,,4/21/2002,12/8/2009,4062,
450312,536349,686388,N,N,as,eng,Whitaker's almanack.,,Whitaker's almanack.,,,(OCoLC)ocm27235231,c1992-,"J. Whitaker,",1993,aastx,AY754 .W52,AY  754            W 52,2002 (134th ed.),,1,1,"=""31811012129048""",aastx,Book Collection,SERIAL 16/8/4 WK,,,,4/21/2002,12/8/2009,4062,
450312,536349,702510,N,N,as,eng,Whitaker's almanack.,,Whitaker's almanack.,,,(OCoLC)ocm27235231,c1992-,"J. Whitaker,",1993,aastx,AY754 .W52,AY  754            W 52,2004 (136th ed.),,1,1,"=""31811012841956""",aastx,Book Collection,SERIAL 16/8/4 WK,,,,4/21/2002,12/8/2009,4062,
450312,536349,720971,N,N,as,eng,Whitaker's almanack.,,Whitaker's almanack.,,,(OCoLC)ocm27235231,c1992-,"J. Whitaker,",1993,aastx,AY754 .W52,AY  754            W 52,2005 (137th ed.),,1,1,"=""31811012994235""",aastx,Book Collection,SERIAL 16/8/4 WK,,,,4/21/2002,12/8/2009,4062,
450312,536349,737521,N,N,as,eng,Whitaker's almanack.,,Whitaker's almanack.,,,(OCoLC)ocm27235231,c1992-,"J. Whitaker,",1993,aastx,AY754 .W52,AY  754            W 52,2006 (138th ed.),,1,1,"=""31811012593458""",aastx,Book Collection,SERIAL 16/8/4 WK,,,,4/21/2002,12/8/2009,4062,
450312,536349,751219,N,N,as,eng,Whitaker's almanack.,,Whitaker's almanack.,,,(OCoLC)ocm27235231,c1992-,"J. Whitaker,",1993,aastx,AY754 .W52,AY  754            W 52,2007 (139th ed.),,1,1,"=""31811012687367""",aastx,Book Collection,SERIAL 16/8/4 WK,,,,4/21/2002,12/8/2009,4062,
450312,536349,766231,N,N,as,eng,Whitaker's almanack.,,Whitaker's almanack.,,,(OCoLC)ocm27235231,c1992-,"J. Whitaker,",1993,aastx,AY754 .W52,AY  754            W 52,2008 (140th ed.),,1,1,"=""31811012340892""",aastx,Book Collection,SERIAL 16/8/4 WK,,,,4/21/2002,12/8/2009,4062,
450312,536349,779439,N,N,as,eng,Whitaker's almanack.,,Whitaker's almanack.,,,(OCoLC)ocm27235231,c1992-,"J. Whitaker,",1993,aastx,AY754 .W52,AY  754            W 52,2009 (141st ed.),,1,1,"=""31811013229011""",aastx,Book Collection,SERIAL 16/8/4 WK,,,,4/21/2002,12/8/2009,4062,
53500,58031,64052,N,N,as,eng,Statistical yearbook Unesco.,,Statistical yearbook,,,(OCoLC)ocm01607331,1964-,"Unesco],",1963,aastx,AZ361 .U45,AZ  361            U 45,1998,,1,1,"=""31811010548454""",aastx,Book Collection,SERIAL 16/8/4 WK,,,,4/21/2002,3/19/2009,3825,
53500,58031,64053,N,N,as,eng,Statistical yearbook Unesco.,,Statistical yearbook,,,(OCoLC)ocm01607331,1964-,"Unesco],",1963,aastx,AZ361 .U45,AZ  361            U 45,1997,,1,1,"=""31811011269670""",aastx,Book Collection,SERIAL 16/8/4 WK,,,,4/21/2002,3/19/2009,3825,
53500,58031,64054,N,N,as,eng,Statistical yearbook Unesco.,,Statistical yearbook,,,(OCoLC)ocm01607331,1964-,"Unesco],",1963,aastx,AZ361 .U45,AZ  361            U 45,1996,,1,1,"=""31811011295642""",aastx,Book Collection,SERIAL 16/8/4 WK,,,,4/21/2002,3/19/2009,3825,
53500,58031,64055,N,N,as,eng,Statistical yearbook Unesco.,,Statistical yearbook,,,(OCoLC)ocm01607331,1964-,"Unesco],",1963,aastx,AZ361 .U45,AZ  361            U 45,1995,,1,1,"=""31811011630400""",aastx,Book Collection,SERIAL 16/8/4 WK,,,,4/21/2002,3/19/2009,3825,
53500,58031,64056,N,N,as,eng,Statistical yearbook Unesco.,,Statistical yearbook,,,(OCoLC)ocm01607331,1964-,"Unesco],",1963,aastx,AZ361 .U45,AZ  361            U 45,1981,,1,1,"=""31811003180919""",aastx,Book Collection,SERIAL 16/8/4 WK,,,,4/21/2002,3/19/2009,3825,
53500,58031,64057,N,N,as,eng,Statistical yearbook Unesco.,,Statistical yearbook,,,(OCoLC)ocm01607331,1964-,"Unesco],",1963,aastx,AZ361 .U45,AZ  361            U 45,1980,,1,1,"=""31811003180901""",aastx,Book Collection,SERIAL 16/8/4 WK,,,,4/21/2002,3/19/2009,3825,
53500,58031,64058,N,N,as,eng,Statistical yearbook Unesco.,,Statistical yearbook,,,(OCoLC)ocm01607331,1964-,"Unesco],",1963,aastx,AZ361 .U45,AZ  361            U 45,1978-1979,,1,1,"=""31811003180893""",aastx,Book Collection,SERIAL 16/8/4 WK,,,,4/21/2002,3/19/2009,3825,
53500,58031,64059,N,N,as,eng,Statistical yearbook Unesco.,,Statistical yearbook,,,(OCoLC)ocm01607331,1964-,"Unesco],",1963,aastx,AZ361 .U45,AZ  361            U 45,1977,,1,1,"=""31811010200189""",aastx,Book Collection,SERIAL 16/8/4 WK,,,,4/21/2002,3/19/2009,3825,
53500,58031,64060,N,N,as,eng,Statistical yearbook Unesco.,,Statistical yearbook,,,(OCoLC)ocm01607331,1964-,"Unesco],",1963,aastx,AZ361 .U45,AZ  361            U 45,1976,,1,1,"=""31811003180885""",aastx,Book Collection,SERIAL 16/8/4 WK,,,,4/21/2002,3/19/2009,3825,
53500,58031,64061,N,N,as,eng,Statistical yearbook Unesco.,,Statistical yearbook,,,(OCoLC)ocm01607331,1964-,"Unesco],",1963,aastx,AZ361 .U45,AZ  361            U 45,1975,,1,1,"=""31811003180877""",aastx,Book Collection,SERIAL 16/8/4 WK,,,,4/21/2002,3/19/2009,3825,
53500,58031,64062,N,N,as,eng,Statistical yearbook Unesco.,,Statistical yearbook,,,(OCoLC)ocm01607331,1964-,"Unesco],",1963,aastx,AZ361 .U45,AZ  361            U 45,1974,,1,1,"=""31811003180869""",aastx,Book Collection,SERIAL 16/8/4 WK,,,,4/21/2002,3/19/2009,3825,
53500,58031,64063,N,N,as,eng,Statistical yearbook Unesco.,,Statistical yearbook,,,(OCoLC)ocm01607331,1964-,"Unesco],",1963,aastx,AZ361 .U45,AZ  361            U 45,1973,,1,1,"=""31811003180851""",aastx,Book Collection,SERIAL 16/8/4 WK,,,,4/21/2002,3/19/2009,3825,
53500,58031,64064,N,N,as,eng,Statistical yearbook Unesco.,,Statistical yearbook,,,(OCoLC)ocm01607331,1964-,"Unesco],",1963,aastx,AZ361 .U45,AZ  361            U 45,1972,,1,1,"=""31811003180844""",aastx,Book Collection,SERIAL 16/8/4 WK,,,,4/21/2002,3/19/2009,3825,
53500,58031,64065,N,N,as,eng,Statistical yearbook Unesco.,,Statistical yearbook,,,(OCoLC)ocm01607331,1964-,"Unesco],",1963,aastx,AZ361 .U45,AZ  361            U 45,1971,,1,1,"=""31811003180836""",aastx,Book Collection,SERIAL 16/8/4 WK,,,,4/21/2002,3/19/2009,3825,
53500,58031,64066,N,N,as,eng,Statistical yearbook Unesco.,,Statistical yearbook,,,(OCoLC)ocm01607331,1964-,"Unesco],",1963,aastx,AZ361 .U45,AZ  361            U 45,1970,,1,1,"=""31811003180828""",aastx,Book Collection,SERIAL 16/8/4 WK,,,,4/21/2002,3/19/2009,3825,
53500,58031,64067,N,N,as,eng,Statistical yearbook Unesco.,,Statistical yearbook,,,(OCoLC)ocm01607331,1964-,"Unesco],",1963,aastx,AZ361 .U45,AZ  361            U 45,1969,,1,1,"=""31811003180810""",aastx,Book Collection,SERIAL 16/8/4 WK,,,,4/21/2002,3/19/2009,3825,
53500,58031,64068,N,N,as,eng,Statistical yearbook Unesco.,,Statistical yearbook,,,(OCoLC)ocm01607331,1964-,"Unesco],",1963,aastx,AZ361 .U45,AZ  361            U 45,1968,,1,1,"=""31811003180802""",aastx,Book Collection,SERIAL 16/8/4 WK,,,,4/21/2002,3/19/2009,3825,
53500,58031,64069,N,N,as,eng,Statistical yearbook Unesco.,,Statistical yearbook,,,(OCoLC)ocm01607331,1964-,"Unesco],",1963,aastx,AZ361 .U45,AZ  361            U 45,1967,,1,1,"=""31811003180794""",aastx,Book Collection,SERIAL 16/8/4 WK,,,,4/21/2002,3/19/2009,3825,
53500,58031,64070,N,N,as,eng,Statistical yearbook Unesco.,,Statistical yearbook,,,(OCoLC)ocm01607331,1964-,"Unesco],",1963,aastx,AZ361 .U45,AZ  361            U 45,1966,,1,1,"=""31811003180786""",aastx,Book Collection,SERIAL 16/8/4 WK,,,,4/21/2002,3/19/2009,3825,
53500,58031,64071,N,N,as,eng,Statistical yearbook Unesco.,,Statistical yearbook,,,(OCoLC)ocm01607331,1964-,"Unesco],",1963,aastx,AZ361 .U45,AZ  361            U 45,1999,,1,1,"=""31811011782326""",aastx,Book Collection,SERIAL 16/8/4 WK,,,,4/21/2002,3/19/2009,3825,
635253,677681,752016,N,N,am,eng,"Myths, lies, and downright stupidity : get out the shovel-- why everything you know is wrong / John Stossel.","Stossel, John.","Myths, lies, and downright stupidity : get out the shovel-- why everything you know is wrong /",1st ed.,1401302548,(OCoLC)ocm67835939,c2006.,"Hyperion,",2006,aastx,AZ999 .S76 2006,AZ  999            S 76   2006,,,1,1,"=""31811012688787""",aastx,Book Collection,BOOK 16/8/4 WK,,,,12/12/2006,9/13/2007,10548,9/28/2009
635253,677681,752016,N,N,am,eng,"Myths, lies, and downright stupidity : get out the shovel-- why everything you know is wrong / John Stossel.","Stossel, John.","Myths, lies, and downright stupidity : get out the shovel-- why everything you know is wrong /",1st ed.,1401302548,(OCoLC)ocm67835939,c2006.,"Hyperion,",2006,aastx,AZ999 .S76 2006,AZ  999            S 76   2006,,,1,1,"=""31811012688787""",aastx,Book Collection,BOOK 16/8/4 WK,,,,12/12/2006,9/13/2007,11313,9/28/2009
